test_example_id,predicted_gender
0,m
1,m
2,m
3,m
4,m
5,m
6,m
7,m
8,m
9,m
10,f
11,m
12,f
13,m
14,f
15,m
16,m
17,m
18,m
19,m
20,f
21,m
22,m
23,m
24,m
25,m
26,m
27,f
28,m
29,m
30,m
31,m
32,f
33,m
34,m
35,f
36,m
37,f
38,m
39,m
40,m
41,m
42,m
43,m
44,m
45,m
46,m
47,m
48,m
49,m
50,f
51,m
52,f
53,f
54,m
55,m
56,m
57,m
58,m
59,m
60,f
61,m
62,f
63,f
64,f
65,m
66,m
67,m
68,f
69,m
70,m
71,m
72,m
73,f
74,m
75,m
76,m
77,m
78,m
79,m
80,m
81,m
82,m
83,m
84,m
85,m
86,m
87,f
88,m
89,m
90,m
91,f
92,m
93,m
94,m
95,m
96,m
97,m
98,m
99,f
100,m
101,m
102,m
103,f
104,m
105,m
106,m
107,m
108,m
109,m
110,m
111,m
112,f
113,m
114,m
115,m
116,m
117,m
118,m
119,m
120,m
121,m
122,f
123,m
124,f
125,f
126,m
127,f
128,m
129,m
130,m
131,m
132,m
133,m
134,f
135,f
136,m
137,m
138,f
139,m
140,m
141,f
142,f
143,f
144,m
145,f
146,m
147,f
148,m
149,f
150,m
151,m
152,m
153,m
154,m
155,m
156,f
157,m
158,m
159,m
160,m
161,m
162,m
163,m
164,m
165,f
166,m
167,m
168,m
169,m
170,m
171,m
172,m
173,m
174,m
175,m
176,m
177,m
178,m
179,m
180,m
181,m
182,m
183,m
184,f
185,m
186,m
187,m
188,m
189,m
190,m
191,m
192,m
193,m
194,m
195,m
196,m
197,m
198,m
199,f
200,m
201,f
202,m
203,f
204,m
205,m
206,m
207,m
208,f
209,m
210,m
211,m
212,m
213,f
214,m
215,m
216,m
217,m
218,m
219,m
220,f
221,f
222,f
223,m
224,m
225,m
226,m
227,m
228,m
229,f
230,m
231,m
232,m
233,m
234,m
235,m
236,m
237,m
238,m
239,m
240,f
241,f
242,m
243,m
244,m
245,m
246,m
247,m
248,m
249,m
250,m
251,m
252,f
253,f
254,m
255,m
256,m
257,m
258,f
259,m
260,m
261,m
262,m
263,f
264,m
265,m
266,m
267,f
268,m
269,m
270,m
271,m
272,m
273,m
274,m
275,m
276,f
277,f
278,m
279,m
280,m
281,m
282,m
283,m
284,m
285,m
286,m
287,m
288,m
289,f
290,m
291,f
292,m
293,f
294,m
295,m
296,m
297,m
298,f
299,m
300,m
301,m
302,m
303,m
304,m
305,m
306,m
307,m
308,m
309,m
310,f
311,m
312,m
313,m
314,f
315,m
316,m
317,m
318,m
319,m
320,m
321,m
322,m
